tick,good,price,supply,to_trade,agent_id
0,Food,25,3,14,2
0,Food,25,8,9,4
0,Food,25,9,8,8
0,Food,25,5,12,0
0,Food,25,10,7,10
0,Food,25,14,3,11
0,Food,25,2,15,12
0,Food,25,5,12,7
0,Food,25,6,11,6
0,Food,25,14,3,5
0,Food,25,14,3,9
0,Food,25,14,3,3
0,Food,25,3,14,14
0,Food,25,5,12,1
0,Food,25,9,8,13
0,Grain,5,78,-4,2
0,Grain,5,77,-3,4
0,Grain,5,34,40,8
0,Grain,5,18,56,0
0,Grain,5,28,46,10
0,Grain,5,22,52,11
0,Grain,5,41,33,12
0,Grain,5,61,13,7
0,Grain,5,25,49,6
0,Grain,5,39,35,5
0,Grain,5,9,65,9
0,Grain,5,22,52,3
0,Grain,5,46,28,14
0,Grain,5,65,9,1
0,Grain,5,18,56,13
0,Food,31,3,10,2
0,Food,31,8,5,4
0,Food,31,9,4,8
0,Food,31,5,8,0
0,Food,31,10,3,10
0,Food,31,14,0,11
0,Food,31,2,11,12
0,Food,31,5,8,7
0,Food,31,6,7,6
0,Food,31,14,0,5
0,Food,31,14,0,9
0,Food,31,14,0,3
0,Food,31,3,10,14
0,Food,31,5,8,1
0,Food,31,9,4,13
0,Grain,6,74,0,2
0,Grain,6,74,0,4
0,Grain,6,35,39,8
0,Grain,6,19,55,0
0,Grain,6,28,46,10
0,Grain,6,23,51,11
0,Grain,6,41,33,12
0,Grain,6,61,13,7
0,Grain,6,25,49,6
0,Grain,6,40,34,5
0,Grain,6,9,65,9
0,Grain,6,22,52,3
0,Grain,6,46,28,14
0,Grain,6,65,9,1
0,Grain,6,21,53,13
1,Food,40,12,-2,2
1,Food,40,15,-5,4
1,Food,40,26,-16,8
1,Food,40,3,5,0
1,Food,40,16,-6,10
1,Food,40,10,0,11
1,Food,40,1,7,12
1,Food,40,23,-13,7
1,Food,40,23,-13,6
1,Food,40,30,-20,5
1,Food,40,10,0,9
1,Food,40,10,0,3
1,Food,40,2,6,14
1,Food,40,13,-3,1
1,Food,40,6,2,13
1,Grain,8,49,25,2
1,Grain,8,49,25,4
1,Grain,8,10,64,8
1,Grain,8,39,35,0
1,Grain,8,3,71,10
1,Grain,8,43,31,11
1,Grain,8,61,13,12
1,Grain,8,36,38,7
1,Grain,8,0,74,6
1,Grain,8,15,59,5
1,Grain,8,29,45,9
1,Grain,8,23,51,3
1,Grain,8,56,18,14
1,Grain,8,40,34,1
1,Grain,8,31,43,13
1,Food,36,12,-1,2
1,Food,36,15,-4,4
1,Food,36,24,-13,8
1,Food,36,8,3,0
1,Food,36,15,-4,10
1,Food,36,10,1,11
1,Food,36,1,10,12
1,Food,36,22,-11,7
1,Food,36,22,-11,6
1,Food,36,29,-18,5
1,Food,36,10,1,9
1,Food,36,10,1,3
1,Food,36,2,9,14
1,Food,36,12,-1,1
1,Food,36,8,3,13
1,Grain,11,49,0,2
1,Grain,11,49,0,4
1,Grain,11,10,15,8
1,Grain,11,39,0,0
1,Grain,11,3,22,10
1,Grain,11,43,0,11
1,Grain,11,61,-11,12
1,Grain,11,36,0,7
1,Grain,11,0,25,6
1,Grain,11,15,10,5
1,Grain,11,29,0,9
1,Grain,11,23,2,3
1,Grain,11,56,-6,14
1,Grain,11,40,0,1
1,Grain,11,31,0,13
2,Food,30,8,6,2
2,Food,30,10,4,4
2,Food,30,18,-3,8
2,Food,30,7,7,0
2,Food,30,10,4,10
2,Food,30,7,7,11
2,Food,30,35,-20,7
2,Food,30,14,0,6
2,Food,30,22,-7,5
2,Food,30,7,7,9
2,Food,30,7,7,3
2,Food,30,1,13,14
2,Food,30,8,6,1
2,Food,30,27,-12,13
2,Grain,14,59,-60,2
2,Grain,14,59,-60,4
2,Grain,14,15,-16,8
2,Grain,14,59,-60,0
2,Grain,14,28,-29,10
2,Grain,14,63,-64,11
2,Grain,14,11,-12,7
2,Grain,14,17,-18,6
2,Grain,14,26,-27,5
2,Grain,14,49,-50,9
2,Grain,14,24,-25,3
2,Grain,14,60,-61,14
2,Grain,14,41,-42,1
2,Grain,14,6,-7,13
2,Food,27,8,7,2
2,Food,27,14,1,4
2,Food,27,16,-1,8
2,Food,27,7,8,0
2,Food,27,14,1,10
2,Food,27,14,1,11
2,Food,27,20,-5,7
2,Food,27,14,1,6
2,Food,27,20,-5,5
2,Food,27,14,1,9
2,Food,27,7,8,3
2,Food,27,1,14,14
2,Food,27,14,1,1
2,Food,27,18,-3,13
2,Grain,12,59,-60,2
2,Grain,12,59,-60,4
2,Grain,12,15,-16,8
2,Grain,12,59,-60,0
2,Grain,12,28,-29,10
2,Grain,12,63,-64,11
2,Grain,12,11,-12,7
2,Grain,12,17,-18,6
2,Grain,12,26,-27,5
2,Grain,12,49,-50,9
2,Grain,12,24,-25,3
2,Grain,12,60,-61,14
2,Grain,12,41,-42,1
2,Grain,12,6,-7,13
3,Food,18,5,18,2
3,Food,18,10,13,4
3,Food,18,11,12,8
3,Food,18,4,19,0
3,Food,18,10,13,10
3,Food,18,10,13,11
3,Food,18,12,11,7
3,Food,18,10,13,6
3,Food,18,34,-11,5
3,Food,18,10,13,9
3,Food,18,4,19,3
3,Food,18,10,13,1
3,Food,18,12,11,13
3,Grain,9,69,-70,2
3,Grain,9,69,-70,4
3,Grain,9,16,-17,8
3,Grain,9,79,-80,0
3,Grain,9,48,-49,10
3,Grain,9,83,-84,11
3,Grain,9,21,-22,7
3,Grain,9,27,-28,6
3,Grain,9,1,-2,5
3,Grain,9,69,-70,9
3,Grain,9,25,-26,3
3,Grain,9,42,-43,1
3,Grain,9,16,-17,13
3,Food,24,5,13,2
3,Food,24,10,8,4
3,Food,24,12,6,8
3,Food,24,4,14,0
3,Food,24,10,8,10
3,Food,24,10,8,11
3,Food,24,16,2,7
3,Food,24,12,6,6
3,Food,24,23,-4,5
3,Food,24,10,8,9
3,Food,24,4,14,3
3,Food,24,13,5,1
3,Food,24,13,5,13
3,Grain,5,69,0,2
3,Grain,5,69,0,4
3,Grain,5,16,34,8
3,Grain,5,79,-5,0
3,Grain,5,48,2,10
3,Grain,5,83,-9,11
3,Grain,5,21,29,7
3,Grain,5,27,23,6
3,Grain,5,1,49,5
3,Grain,5,69,0,9
3,Grain,5,25,25,3
3,Grain,5,42,8,1
3,Grain,5,16,34,13
4,Food,33,13,-2,2
4,Food,33,16,-5,4
4,Food,33,10,1,8
4,Food,33,3,8,0
4,Food,33,16,-5,10
4,Food,33,16,-5,11
4,Food,33,11,0,7
4,Food,33,28,-17,6
4,Food,33,14,-3,5
4,Food,33,16,-5,9
4,Food,33,23,-12,3
4,Food,33,19,-8,1
4,Food,33,10,1,13
4,Grain,7,44,30,2
4,Grain,7,44,30,4
4,Grain,7,22,52,8
4,Grain,7,94,-20,0
4,Grain,7,23,51,10
4,Grain,7,49,25,11
4,Grain,7,34,40,7
4,Grain,7,4,70,6
4,Grain,7,13,61,5
4,Grain,7,44,30,9
4,Grain,7,0,74,3
4,Grain,7,18,56,1
4,Grain,7,27,47,13
4,Food,28,13,2,2
4,Food,28,15,0,4
4,Food,28,11,4,8
4,Food,28,3,12,0
4,Food,28,16,-1,10
4,Food,28,16,-1,11
4,Food,28,11,4,7
4,Food,28,28,-13,6
4,Food,28,14,1,5
4,Food,28,15,0,9
4,Food,28,23,-8,3
4,Food,28,19,-4,1
4,Food,28,11,4,13
4,Grain,10,44,-19,2
4,Grain,10,44,-19,4
4,Grain,10,28,-3,8
4,Grain,10,74,-49,0
4,Grain,10,23,2,10
4,Grain,10,49,-24,11
4,Grain,10,40,-15,7
4,Grain,10,4,21,6
4,Grain,10,15,10,5
4,Grain,10,44,-19,9
4,Grain,10,0,25,3
4,Grain,10,18,7,1
4,Grain,10,33,-8,13
5,Food,25,10,7,2
5,Food,25,10,7,4
5,Food,25,30,-12,8
5,Food,25,2,15,0
5,Food,25,11,6,10
5,Food,25,10,7,11
5,Food,25,30,-12,7
5,Food,25,36,-18,6
5,Food,25,30,-12,5
5,Food,25,10,7,9
5,Food,25,13,4,3
5,Food,25,22,-4,1
5,Food,25,30,-12,13
5,Grain,9,50,-25,2
5,Grain,9,50,-25,4
5,Grain,9,1,24,8
5,Grain,9,84,-59,0
5,Grain,9,45,-20,10
5,Grain,9,62,-37,11
5,Grain,9,11,14,7
5,Grain,9,0,25,6
5,Grain,9,0,25,5
5,Grain,9,57,-32,9
5,Grain,9,1,24,3
5,Grain,9,0,25,1
5,Grain,9,6,19,13
5,Food,17,10,13,2
5,Food,17,17,6,4
5,Food,17,29,-6,8
5,Food,17,2,21,0
5,Food,17,11,12,10
5,Food,17,17,6,11
5,Food,17,27,-4,7
5,Food,17,30,-7,6
5,Food,17,27,-4,5
5,Food,17,10,13,9
5,Food,17,17,6,3
5,Food,17,21,2,1
5,Food,17,26,-3,13
5,Grain,8,39,-40,2
5,Grain,8,37,-38,4
5,Grain,8,25,-26,8
5,Grain,8,52,-53,0
5,Grain,8,33,-34,10
5,Grain,8,40,-41,11
5,Grain,8,25,-26,7
5,Grain,8,25,-26,6
5,Grain,8,25,-26,5
5,Grain,8,40,-41,9
5,Grain,8,1,-2,3
5,Grain,8,0,-1,1
5,Grain,8,25,-26,13
6,Food,21,20,-1,2
6,Food,21,25,-6,4
6,Food,21,38,-19,8
6,Food,21,3,16,0
6,Food,21,12,7,10
6,Food,21,14,5,11
6,Food,21,38,-19,7
6,Food,21,38,-19,6
6,Food,21,38,-19,5
6,Food,21,9,10,9
6,Food,21,14,5,3
6,Food,21,17,2,1
6,Food,21,38,-19,13
6,Grain,5,14,36,2
6,Grain,5,12,38,4
6,Grain,5,0,50,8
6,Grain,5,72,0,0
6,Grain,5,53,0,10
6,Grain,5,60,0,11
6,Grain,5,0,50,7
6,Grain,5,0,50,6
6,Grain,5,0,50,5
6,Grain,5,60,0,9
6,Grain,5,2,48,3
6,Grain,5,1,49,1
6,Grain,5,0,50,13
6,Food,19,20,2,2
6,Food,19,22,0,4
6,Food,19,32,-9,8
6,Food,19,19,3,0
6,Food,19,19,3,10
6,Food,19,19,3,11
6,Food,19,30,-7,7
6,Food,19,29,-6,6
6,Food,19,31,-8,5
6,Food,19,19,3,9
6,Food,19,14,8,3
6,Food,19,19,3,1
6,Food,19,31,-8,13
6,Grain,7,14,0,2
6,Grain,7,12,0,4
6,Grain,7,0,-1,8
6,Grain,7,72,-47,0
6,Grain,7,53,-28,10
6,Grain,7,60,-35,11
6,Grain,7,0,-1,7
6,Grain,7,0,-1,6
6,Grain,7,0,-1,5
6,Grain,7,60,-35,9
6,Grain,7,2,0,3
6,Grain,7,1,0,1
6,Grain,7,0,-1,13
7,Food,15,17,8,2
7,Food,15,17,8,4
7,Food,15,21,4,8
7,Food,15,17,8,0
7,Food,15,14,11,10
7,Food,15,17,8,11
7,Food,15,23,2,7
7,Food,15,22,3,6
7,Food,15,25,0,5
7,Food,15,14,11,9
7,Food,15,10,15,3
7,Food,15,17,8,1
7,Food,15,26,0,13
7,Grain,6,24,0,2
7,Grain,6,22,0,4
7,Grain,6,1,0,8
7,Grain,6,92,-67,0
7,Grain,6,73,-48,10
7,Grain,6,80,-55,11
7,Grain,6,10,0,7
7,Grain,6,10,0,6
7,Grain,6,10,0,5
7,Grain,6,80,-55,9
7,Grain,6,3,0,3
7,Grain,6,2,0,1
7,Grain,6,10,0,13
7,Food,18,17,6,2
7,Food,18,17,6,4
7,Food,18,21,2,8
7,Food,18,17,6,0
7,Food,18,14,9,10
7,Food,18,17,6,11
7,Food,18,23,0,7
7,Food,18,22,1,6
7,Food,18,25,-2,5
7,Food,18,14,9,9
7,Food,18,10,13,3
7,Food,18,17,6,1
7,Food,18,26,-3,13
7,Grain,5,24,1,2
7,Grain,5,22,3,4
7,Grain,5,1,24,8
7,Grain,5,92,-42,0
7,Grain,5,73,-23,10
7,Grain,5,80,-30,11
7,Grain,5,10,15,7
7,Grain,5,10,15,6
7,Grain,5,10,15,5
7,Grain,5,80,-30,9
7,Grain,5,3,22,3
7,Grain,5,2,23,1
7,Grain,5,10,15,13
8,Food,21,25,-6,2
8,Food,21,24,-5,4
8,Food,21,36,-17,8
8,Food,21,12,7,0
8,Food,21,10,9,10
8,Food,21,12,7,11
8,Food,21,38,-19,7
8,Food,21,37,-18,6
8,Food,21,38,-19,5
8,Food,21,10,9,9
8,Food,21,6,13,3
8,Food,21,12,7,1
8,Food,21,38,-19,13
8,Grain,5,0,50,2
8,Grain,5,0,50,4
8,Grain,5,0,50,8
8,Grain,5,88,-14,0
8,Grain,5,76,-2,10
8,Grain,5,75,-1,11
8,Grain,5,0,50,7
8,Grain,5,0,50,6
8,Grain,5,0,50,5
8,Grain,5,78,-4,9
8,Grain,5,4,46,3
8,Grain,5,3,47,1
8,Grain,5,0,50,13
8,Food,19,23,0,2
8,Food,19,23,0,4
8,Food,19,32,-9,8
8,Food,19,19,3,0
8,Food,19,10,12,10
8,Food,19,19,3,11
8,Food,19,37,-14,7
8,Food,19,36,-13,6
8,Food,19,36,-13,5
8,Food,19,10,12,9
8,Food,19,6,16,3
8,Food,19,12,10,1
8,Food,19,35,-12,13
8,Grain,5,0,25,2
8,Grain,5,0,25,4
8,Grain,5,8,17,8
8,Grain,5,74,-24,0
8,Grain,5,74,-24,10
8,Grain,5,74,-24,11
8,Grain,5,1,24,7
8,Grain,5,4,21,6
8,Grain,5,4,21,5
8,Grain,5,74,-24,9
8,Grain,5,4,21,3
8,Grain,5,3,22,1
8,Grain,5,4,21,13
9,Food,16,18,5,2
9,Food,16,18,5,4
9,Food,16,27,-2,8
9,Food,16,17,6,0
9,Food,16,6,17,10
9,Food,16,14,9,11
9,Food,16,31,-6,7
9,Food,16,31,-6,6
9,Food,16,30,-5,5
9,Food,16,6,17,9
9,Food,16,3,20,3
9,Food,16,8,15,1
9,Food,16,29,-4,13
9,Grain,6,10,0,2
9,Grain,6,28,-3,4
9,Grain,6,24,0,8
9,Grain,6,70,-45,0
9,Grain,6,70,-45,10
9,Grain,6,70,-45,11
9,Grain,6,29,-4,7
9,Grain,6,26,-1,6
9,Grain,6,31,-6,5
9,Grain,6,70,-45,9
9,Grain,6,5,0,3
9,Grain,6,4,0,1
9,Grain,6,30,-5,13
9,Food,15,23,2,2
9,Food,15,18,7,4
9,Food,15,25,0,8
9,Food,15,23,2,0
9,Food,15,6,19,10
9,Food,15,23,2,11
9,Food,15,25,0,7
9,Food,15,28,-2,6
9,Food,15,25,0,5
9,Food,15,6,19,9
9,Food,15,3,22,3
9,Food,15,8,17,1
9,Food,15,25,0,13
9,Grain,4,10,15,2
9,Grain,4,28,0,4
9,Grain,4,24,1,8
9,Grain,4,70,-20,0
9,Grain,4,70,-20,10
9,Grain,4,70,-20,11
9,Grain,4,29,0,7
9,Grain,4,26,0,6
9,Grain,4,31,0,5
9,Grain,4,70,-20,9
9,Grain,4,5,20,3
9,Grain,4,4,21,1
9,Grain,4,30,0,13
10,Food,15,18,7,2
10,Food,15,23,2,4
10,Food,15,40,-14,8
10,Food,15,20,5,0
10,Food,15,13,12,10
10,Food,15,28,-2,11
10,Food,15,40,-14,7
10,Food,15,41,-15,6
10,Food,15,40,-14,5
10,Food,15,13,12,9
10,Food,15,2,23,3
10,Food,15,15,10,1
10,Food,15,40,-14,13
10,Grain,2,20,54,2
10,Grain,2,3,71,4
10,Grain,2,0,74,8
10,Grain,2,84,-10,0
10,Grain,2,40,34,10
10,Grain,2,37,37,11
10,Grain,2,4,70,7
10,Grain,2,1,73,6
10,Grain,2,6,68,5
10,Grain,2,42,32,9
10,Grain,2,6,68,3
10,Grain,2,0,74,1
10,Grain,2,5,69,13
10,Food,13,18,8,2
10,Food,13,25,1,4
10,Food,13,33,-6,8
10,Food,13,25,1,0
10,Food,13,25,1,10
10,Food,13,27,0,11
10,Food,13,34,-7,7
10,Food,13,31,-4,6
10,Food,13,36,-9,5
10,Food,13,25,1,9
10,Food,13,2,24,3
10,Food,13,15,11,1
10,Food,13,37,-10,13
10,Grain,3,20,30,2
10,Grain,3,3,47,4
10,Grain,3,1,49,8
10,Grain,3,74,0,0
10,Grain,3,40,10,10
10,Grain,3,37,13,11
10,Grain,3,7,43,7
10,Grain,3,2,48,6
10,Grain,3,8,42,5
10,Grain,3,43,7,9
10,Grain,3,6,44,3
10,Grain,3,0,50,1
10,Grain,3,7,43,13
11,Food,8,13,17,2
11,Food,8,21,9,4
11,Food,8,28,2,8
11,Food,8,21,9,0
11,Food,8,21,9,10
11,Food,8,22,8,11
11,Food,8,28,2,7
11,Food,8,26,4,6
11,Food,8,31,0,5
11,Food,8,21,9,9
11,Food,8,1,29,3
11,Food,8,10,20,1
11,Food,8,29,1,13
11,Grain,5,30,-31,2
11,Grain,5,13,-14,4
11,Grain,5,2,-3,8
11,Grain,5,94,-95,0
11,Grain,5,60,-61,10
11,Grain,5,57,-58,11
11,Grain,5,17,-18,7
11,Grain,5,12,-13,6
11,Grain,5,18,-19,5
11,Grain,5,63,-64,9
11,Grain,5,7,-8,3
11,Grain,5,1,-2,1
11,Grain,5,17,-18,13
11,Food,11,13,15,2
11,Food,11,21,7,4
11,Food,11,28,0,8
11,Food,11,21,7,0
11,Food,11,21,7,10
11,Food,11,22,6,11
11,Food,11,28,0,7
11,Food,11,26,2,6
11,Food,11,31,-3,5
11,Food,11,21,7,9
11,Food,11,1,27,3
11,Food,11,10,18,1
11,Food,11,29,-1,13
11,Grain,4,30,-5,2
11,Grain,4,13,0,4
11,Grain,4,2,0,8
11,Grain,4,94,-69,0
11,Grain,4,60,-35,10
11,Grain,4,57,-32,11
11,Grain,4,17,0,7
11,Grain,4,12,0,6
11,Grain,4,18,0,5
11,Grain,4,63,-38,9
11,Grain,4,7,0,3
11,Grain,4,1,0,1
11,Grain,4,17,0,13
12,Food,14,19,7,2
12,Food,14,16,10,4
12,Food,14,23,3,8
12,Food,14,16,10,0
12,Food,14,26,0,10
12,Food,14,27,-1,11
12,Food,14,23,3,7
12,Food,14,21,5,6
12,Food,14,23,3,5
12,Food,14,30,-4,9
12,Food,14,6,20,1
12,Food,14,23,3,13
12,Grain,3,5,45,2
12,Grain,3,23,27,4
12,Grain,3,3,47,8
12,Grain,3,114,-40,0
12,Grain,3,35,15,10
12,Grain,3,32,18,11
12,Grain,3,27,23,7
12,Grain,3,22,28,6
12,Grain,3,28,22,5
12,Grain,3,38,12,9
12,Grain,3,2,48,1
12,Grain,3,27,23,13
12,Food,20,19,0,2
12,Food,20,16,3,4
12,Food,20,24,-2,8
12,Food,20,16,3,0
12,Food,20,26,-4,10
12,Food,20,26,-4,11
12,Food,20,24,-2,7
12,Food,20,23,-1,6
12,Food,20,24,-2,5
12,Food,20,26,-4,9
12,Food,20,6,13,1
12,Food,20,23,-1,13
12,Grain,3,5,69,2
12,Grain,3,23,51,4
12,Grain,3,12,62,8
12,Grain,3,74,0,0
12,Grain,3,35,39,10
12,Grain,3,32,42,11
12,Grain,3,32,42,7
12,Grain,3,28,46,6
12,Grain,3,37,37,5
12,Grain,3,42,32,9
12,Grain,3,2,72,1
12,Grain,3,34,40,13
13,Food,16,14,9,2
13,Food,16,11,12,4
13,Food,16,19,4,8
13,Food,16,14,9,0
13,Food,16,20,3,10
13,Food,16,21,2,11
13,Food,16,38,-13,7
13,Food,16,38,-13,6
13,Food,16,38,-13,5
13,Food,16,21,2,9
13,Food,16,3,20,1
13,Food,16,38,-13,13
13,Grain,6,15,0,2
13,Grain,6,33,-8,4
13,Grain,6,13,0,8
13,Grain,6,94,-69,0
13,Grain,6,55,-30,10
13,Grain,6,52,-27,11
13,Grain,6,7,0,7
13,Grain,6,3,0,6
13,Grain,6,12,0,5
13,Grain,6,62,-37,9
13,Grain,6,3,0,1
13,Grain,6,9,0,13
13,Food,10,14,14,2
13,Food,10,11,17,4
13,Food,10,23,5,8
13,Food,10,14,14,0
13,Food,10,23,5,10
13,Food,10,23,5,11
13,Food,10,35,-5,7
13,Food,10,35,-5,6
13,Food,10,36,-6,5
13,Food,10,23,5,9
13,Food,10,3,25,1
13,Food,10,35,-5,13
13,Grain,5,15,-16,2
13,Grain,5,33,-34,4
13,Grain,5,13,-14,8
13,Grain,5,94,-95,0
13,Grain,5,55,-56,10
13,Grain,5,52,-53,11
13,Grain,5,7,-8,7
13,Grain,5,3,-4,6
13,Grain,5,12,-13,5
13,Grain,5,62,-63,9
13,Grain,5,3,-4,1
13,Grain,5,9,-10,13
14,Food,4,10,24,2
14,Food,4,7,27,4
14,Food,4,23,11,8
14,Food,4,10,24,0
14,Food,4,18,16,10
14,Food,4,18,16,11
14,Food,4,28,6,7
14,Food,4,28,6,6
14,Food,4,28,6,5
14,Food,4,23,11,9
14,Food,4,2,32,1
14,Food,4,27,7,13
14,Grain,4,25,-26,2
14,Grain,4,43,-44,4
14,Grain,4,14,-15,8
14,Grain,4,114,-115,0
14,Grain,4,75,-76,10
14,Grain,4,72,-73,11
14,Grain,4,17,-18,7
14,Grain,4,13,-14,6
14,Grain,4,22,-23,5
14,Grain,4,82,-83,9
14,Grain,4,4,-5,1
14,Grain,4,19,-20,13
14,Food,10,10,18,2
14,Food,10,7,21,4
14,Food,10,23,5,8
14,Food,10,10,18,0
14,Food,10,18,10,10
14,Food,10,18,10,11
14,Food,10,28,0,7
14,Food,10,28,0,6
14,Food,10,28,0,5
14,Food,10,23,5,9
14,Food,10,2,26,1
14,Food,10,27,1,13
14,Grain,3,25,0,2
14,Grain,3,43,0,4
14,Grain,3,14,11,8
14,Grain,3,114,-64,0
14,Grain,3,75,-25,10
14,Grain,3,72,-22,11
14,Grain,3,17,8,7
14,Grain,3,13,12,6
14,Grain,3,22,3,5
14,Grain,3,82,-32,9
14,Grain,3,4,21,1
14,Grain,3,19,6,13
15,Food,19,16,6,2
15,Food,19,14,8,4
15,Food,19,38,-15,8
15,Food,19,6,16,0
15,Food,19,23,0,10
15,Food,19,23,0,11
15,Food,19,43,-20,7
15,Food,19,43,-20,6
15,Food,19,43,-20,5
15,Food,19,28,-5,9
15,Food,19,1,21,1
15,Food,19,42,-19,13
15,Grain,2,0,74,2
15,Grain,2,18,56,4
15,Grain,2,0,74,8
15,Grain,2,113,-39,0
15,Grain,2,45,29,10
15,Grain,2,43,31,11
15,Grain,2,0,74,7
15,Grain,2,0,74,6
15,Grain,2,0,74,5
15,Grain,2,47,27,9
15,Grain,2,5,69,1
15,Grain,2,0,74,13
15,Food,15,16,9,2
15,Food,15,14,11,4
15,Food,15,38,-12,8
15,Food,15,6,19,0
15,Food,15,23,2,10
15,Food,15,23,2,11
15,Food,15,43,-17,7
15,Food,15,43,-17,6
15,Food,15,43,-17,5
15,Food,15,28,-2,9
15,Food,15,1,24,1
15,Food,15,42,-16,13
15,Grain,3,0,50,2
15,Grain,3,18,32,4
15,Grain,3,8,42,8
15,Grain,3,74,0,0
15,Grain,3,45,5,10
15,Grain,3,43,7,11
15,Grain,3,10,40,7
15,Grain,3,4,46,6
15,Grain,3,5,45,5
15,Grain,3,47,3,9
15,Grain,3,5,45,1
15,Grain,3,12,38,13
16,Food,9,11,19,2
16,Food,9,10,20,4
16,Food,9,31,-1,8
16,Food,9,3,27,0
16,Food,9,20,10,10
16,Food,9,20,10,11
16,Food,9,38,-8,7
16,Food,9,38,-8,6
16,Food,9,37,-7,5
16,Food,9,23,7,9
16,Food,9,36,-6,13
16,Grain,5,10,-11,2
16,Grain,5,28,-29,4
16,Grain,5,9,-10,8
16,Grain,5,94,-95,0
16,Grain,5,65,-66,10
16,Grain,5,63,-64,11
16,Grain,5,20,-21,7
16,Grain,5,14,-15,6
16,Grain,5,15,-16,5
16,Grain,5,67,-68,9
16,Grain,5,22,-23,13
16,Food,8,11,19,2
16,Food,8,10,20,4
16,Food,8,30,0,8
16,Food,8,30,0,0
16,Food,8,20,10,10
16,Food,8,20,10,11
16,Food,8,31,0,7
16,Food,8,30,0,6
16,Food,8,32,0,5
16,Food,8,23,7,9
16,Food,8,30,0,13
16,Grain,4,10,-11,2
16,Grain,4,28,-29,4
16,Grain,4,9,-10,8
16,Grain,4,94,-95,0
16,Grain,4,65,-66,10
16,Grain,4,63,-64,11
16,Grain,4,20,-21,7
16,Grain,4,14,-15,6
16,Grain,4,15,-16,5
16,Grain,4,67,-68,9
16,Grain,4,22,-23,13
17,Food,8,7,23,2
17,Food,8,6,24,4
17,Food,8,25,5,8
17,Food,8,25,5,0
17,Food,8,15,15,10
17,Food,8,15,15,11
17,Food,8,26,4,7
17,Food,8,25,5,6
17,Food,8,27,3,5
17,Food,8,18,12,9
17,Food,8,25,5,13
17,Grain,3,20,0,2
17,Grain,3,38,-13,4
17,Grain,3,10,0,8
17,Grain,3,114,-89,0
17,Grain,3,85,-60,10
17,Grain,3,83,-58,11
17,Grain,3,30,-5,7
17,Grain,3,24,0,6
17,Grain,3,25,0,5
17,Grain,3,87,-62,9
17,Grain,3,32,-7,13
17,Food,10,7,21,2
17,Food,10,6,22,4
17,Food,10,25,3,8
17,Food,10,25,3,0
17,Food,10,15,13,10
17,Food,10,15,13,11
17,Food,10,26,2,7
17,Food,10,25,3,6
17,Food,10,27,1,5
17,Food,10,18,10,9
17,Food,10,25,3,13
17,Grain,2,20,30,2
17,Grain,2,38,12,4
17,Grain,2,10,40,8
17,Grain,2,114,-40,0
17,Grain,2,85,-11,10
17,Grain,2,83,-9,11
17,Grain,2,30,20,7
17,Grain,2,24,26,6
17,Grain,2,25,25,5
17,Grain,2,87,-13,9
17,Grain,2,32,18,13
18,Food,13,4,22,2
18,Food,13,13,13,4
18,Food,13,40,-13,8
18,Food,13,20,6,0
18,Food,13,20,6,10
18,Food,13,20,6,11
18,Food,13,41,-14,7
18,Food,13,40,-13,6
18,Food,13,42,-15,5
18,Food,13,23,3,9
18,Food,13,40,-13,13
18,Grain,2,30,44,2
18,Grain,2,21,53,4
18,Grain,2,4,70,8
18,Grain,2,94,-20,0
18,Grain,2,49,25,10
18,Grain,2,49,25,11
18,Grain,2,15,59,7
18,Grain,2,13,61,6
18,Grain,2,12,62,5
18,Grain,2,49,25,9
18,Grain,2,17,57,13
18,Food,12,4,23,2
18,Food,12,13,14,4
18,Food,12,39,-11,8
18,Food,12,26,1,0
18,Food,12,20,7,10
18,Food,12,20,7,11
18,Food,12,38,-10,7
18,Food,12,38,-10,6
18,Food,12,39,-11,5
18,Food,12,26,1,9
18,Food,12,40,-12,13
18,Grain,6,30,-31,2
18,Grain,6,21,-22,4
18,Grain,6,9,-10,8
18,Grain,6,74,-75,0
18,Grain,6,49,-50,10
18,Grain,6,49,-50,11
18,Grain,6,18,-19,7
18,Grain,6,16,-17,6
18,Grain,6,15,-16,5
18,Grain,6,49,-50,9
18,Grain,6,23,-24,13
19,Food,10,3,25,2
19,Food,10,9,19,4
19,Food,10,34,-4,8
19,Food,10,22,6,0
19,Food,10,15,13,10
19,Food,10,15,13,11
19,Food,10,33,-3,7
19,Food,10,31,-1,6
19,Food,10,34,-4,5
19,Food,10,22,6,9
19,Food,10,35,-5,13
19,Grain,4,40,-15,2
19,Grain,4,31,-6,4
19,Grain,4,10,0,8
19,Grain,4,94,-69,0
19,Grain,4,69,-44,10
19,Grain,4,69,-44,11
19,Grain,4,28,-3,7
19,Grain,4,26,-1,6
19,Grain,4,25,0,5
19,Grain,4,69,-44,9
19,Grain,4,33,-8,13
19,Food,7,3,29,2
19,Food,7,9,23,4
19,Food,7,34,-2,8
19,Food,7,22,10,0
19,Food,7,15,17,10
19,Food,7,15,17,11
19,Food,7,33,-1,7
19,Food,7,31,1,6
19,Food,7,34,-2,5
19,Food,7,22,10,9
19,Food,7,35,-3,13
19,Grain,1,40,0,2
19,Grain,1,31,0,4
19,Grain,1,10,15,8
19,Grain,1,94,-20,0
19,Grain,1,69,0,10
19,Grain,1,69,0,11
19,Grain,1,28,0,7
19,Grain,1,26,0,6
19,Grain,1,25,0,5
19,Grain,1,69,0,9
19,Grain,1,33,0,13
20,Food,3,12,23,2
20,Food,3,16,19,4
20,Food,3,49,-14,8
20,Food,3,18,17,0
20,Food,3,20,15,10
20,Food,3,20,15,11
20,Food,3,48,-13,7
20,Food,3,47,-12,6
20,Food,3,49,-14,5
20,Food,3,27,8,9
20,Food,3,49,-14,13
20,Grain,0,15,10,2
20,Grain,0,6,19,4
20,Grain,0,0,25,8
20,Grain,0,54,0,0
20,Grain,0,44,0,10
20,Grain,0,44,0,11
20,Grain,0,3,22,7
20,Grain,0,1,24,6
20,Grain,0,0,25,5
20,Grain,0,44,0,9
20,Grain,0,8,17,13
20,Food,0,12,32,2
20,Food,0,16,28,4
20,Food,0,43,1,8
20,Food,0,35,9,0
20,Food,0,20,24,10
20,Food,0,20,24,11
20,Food,0,43,1,7
20,Food,0,46,0,6
20,Food,0,45,0,5
20,Food,0,27,17,9
20,Food,0,48,0,13
20,Grain,2,15,-16,2
20,Grain,2,6,-7,4
20,Grain,2,0,-1,8
20,Grain,2,54,-55,0
20,Grain,2,44,-45,10
20,Grain,2,44,-45,11
20,Grain,2,3,-4,7
20,Grain,2,1,-2,6
20,Grain,2,0,-1,5
20,Grain,2,44,-45,9
20,Grain,2,8,-9,13
21,Food,2,8,27,2
21,Food,2,11,24,4
21,Food,2,38,-1,8
21,Food,2,30,5,0
21,Food,2,15,20,10
21,Food,2,15,20,11
21,Food,2,38,-1,7
21,Food,2,41,-4,6
21,Food,2,40,-3,5
21,Food,2,22,13,9
21,Food,2,43,-6,13
21,Grain,1,25,-26,2
21,Grain,1,16,-17,4
21,Grain,1,1,-2,8
21,Grain,1,74,-75,0
21,Grain,1,64,-65,10
21,Grain,1,64,-65,11
21,Grain,1,13,-14,7
21,Grain,1,11,-12,6
21,Grain,1,10,-11,5
21,Grain,1,64,-65,9
21,Grain,1,18,-19,13
21,Food,1,8,29,2
21,Food,1,11,26,4
21,Food,1,38,0,8
21,Food,1,35,2,0
21,Food,1,15,22,10
21,Food,1,15,22,11
21,Food,1,38,0,7
21,Food,1,41,0,6
21,Food,1,38,0,5
21,Food,1,22,15,9
21,Food,1,40,0,13
21,Grain,0,25,0,2
21,Grain,0,16,0,4
21,Grain,0,1,0,8
21,Grain,0,74,0,0
21,Grain,0,64,0,10
21,Grain,0,64,0,11
21,Grain,0,13,0,7
21,Grain,0,11,0,6
21,Grain,0,10,0,5
21,Grain,0,64,0,9
21,Grain,0,18,0,13
22,Food,2,15,20,2
22,Food,2,7,28,4
22,Food,2,33,2,8
22,Food,2,31,4,0
22,Food,2,20,15,10
22,Food,2,20,15,11
22,Food,2,33,2,7
22,Food,2,36,0,6
22,Food,2,33,2,5
22,Food,2,27,8,9
22,Food,2,35,0,13
22,Grain,0,0,0,2
22,Grain,0,26,0,4
22,Grain,0,2,0,8
22,Grain,0,49,0,0
22,Grain,0,39,0,10
22,Grain,0,39,0,11
22,Grain,0,23,0,7
22,Grain,0,21,0,6
22,Grain,0,20,0,5
22,Grain,0,39,0,9
22,Grain,0,28,0,13
22,Food,4,15,19,2
22,Food,4,7,27,4
22,Food,4,33,1,8
22,Food,4,31,3,0
22,Food,4,20,14,10
22,Food,4,20,14,11
22,Food,4,33,1,7
22,Food,4,36,-1,6
22,Food,4,33,1,5
22,Food,4,27,7,9
22,Food,4,35,0,13
22,Grain,0,0,25,2
22,Grain,0,26,0,4
22,Grain,0,2,23,8
22,Grain,0,49,0,0
22,Grain,0,39,0,10
22,Grain,0,39,0,11
22,Grain,0,23,2,7
22,Grain,0,21,4,6
22,Grain,0,20,5,5
22,Grain,0,39,0,9
22,Grain,0,28,0,13
23,Food,6,10,22,2
23,Food,6,14,18,4
23,Food,6,28,4,8
23,Food,6,27,5,0
23,Food,6,25,7,10
23,Food,6,25,7,11
23,Food,6,28,4,7
23,Food,6,30,2,6
23,Food,6,29,3,5
23,Food,6,32,0,9
23,Food,6,50,-17,13
23,Grain,0,10,65,2
23,Grain,0,1,74,4
23,Grain,0,3,72,8
23,Grain,0,24,51,0
23,Grain,0,14,61,10
23,Grain,0,14,61,11
23,Grain,0,33,42,7
23,Grain,0,31,44,6
23,Grain,0,30,45,5
23,Grain,0,14,61,9
23,Grain,0,3,72,13
23,Food,6,10,22,2
23,Food,6,14,18,4
23,Food,6,32,0,8
23,Food,6,27,5,0
23,Food,6,25,7,10
23,Food,6,25,7,11
23,Food,6,32,0,7
23,Food,6,32,0,6
23,Food,6,32,0,5
23,Food,6,32,0,9
23,Food,6,37,-4,13
23,Grain,2,10,0,2
23,Grain,2,1,0,4
23,Grain,2,3,0,8
23,Grain,2,24,0,0
23,Grain,2,14,0,10
23,Grain,2,14,0,11
23,Grain,2,33,-8,7
23,Grain,2,31,-6,6
23,Grain,2,30,-5,5
23,Grain,2,14,0,9
23,Grain,2,3,0,13
24,Food,0,6,38,2
24,Food,0,10,34,4
24,Food,0,27,17,8
24,Food,0,22,22,0
24,Food,0,20,24,10
24,Food,0,20,24,11
24,Food,0,27,17,7
24,Food,0,27,17,6
24,Food,0,27,17,5
24,Food,0,27,17,9
24,Food,0,32,12,13
24,Grain,1,20,-21,2
24,Grain,1,11,-12,4
24,Grain,1,4,-5,8
24,Grain,1,44,-45,0
24,Grain,1,34,-35,10
24,Grain,1,34,-35,11
24,Grain,1,43,-44,7
24,Grain,1,41,-42,6
24,Grain,1,40,-41,5
24,Grain,1,34,-35,9
24,Grain,1,13,-14,13
24,Food,3,6,29,2
24,Food,3,10,25,4
24,Food,3,27,8,8
24,Food,3,22,13,0
24,Food,3,20,15,10
24,Food,3,20,15,11
24,Food,3,27,8,7
24,Food,3,27,8,6
24,Food,3,27,8,5
24,Food,3,27,8,9
24,Food,3,32,3,13
24,Grain,0,20,5,2
24,Grain,0,11,14,4
24,Grain,0,4,21,8
24,Grain,0,44,0,0
24,Grain,0,34,0,10
24,Grain,0,34,0,11
24,Grain,0,43,0,7
24,Grain,0,41,0,6
24,Grain,0,40,0,5
24,Grain,0,34,0,9
24,Grain,0,13,12,13
25,Food,8,3,27,2
25,Food,8,6,24,4
25,Food,8,22,8,8
25,Food,8,17,13,0
25,Food,8,25,5,10
25,Food,8,25,5,11
25,Food,8,42,-10,7
25,Food,8,42,-10,6
25,Food,8,42,-10,5
25,Food,8,32,0,9
25,Food,8,27,3,13
25,Grain,1,30,20,2
25,Grain,1,21,29,4
25,Grain,1,5,45,8
25,Grain,1,64,0,0
25,Grain,1,9,41,10
25,Grain,1,9,41,11
25,Grain,1,18,32,7
25,Grain,1,16,34,6
25,Grain,1,15,35,5
25,Grain,1,9,41,9
25,Grain,1,23,27,13
25,Food,6,3,29,2
25,Food,6,6,26,4
25,Food,6,30,2,8
25,Food,6,17,15,0
25,Food,6,25,7,10
25,Food,6,25,7,11
25,Food,6,39,-6,7
25,Food,6,38,-5,6
25,Food,6,38,-5,5
25,Food,6,32,0,9
25,Food,6,30,2,13
25,Grain,3,30,-31,2
25,Grain,3,21,-22,4
25,Grain,3,5,-6,8
25,Grain,3,64,-65,0
25,Grain,3,9,-10,10
25,Grain,3,9,-10,11
25,Grain,3,18,-19,7
25,Grain,3,16,-17,6
25,Grain,3,15,-16,5
25,Grain,3,9,-10,9
25,Grain,3,23,-24,13
26,Food,2,2,33,2
26,Food,2,3,32,4
26,Food,2,27,8,8
26,Food,2,12,23,0
26,Food,2,20,15,10
26,Food,2,20,15,11
26,Food,2,33,2,7
26,Food,2,31,4,6
26,Food,2,32,3,5
26,Food,2,27,8,9
26,Food,2,27,8,13
26,Grain,2,40,-41,2
26,Grain,2,31,-32,4
26,Grain,2,6,-7,8
26,Grain,2,84,-85,0
26,Grain,2,29,-30,10
26,Grain,2,29,-30,11
26,Grain,2,28,-29,7
26,Grain,2,26,-27,6
26,Grain,2,25,-26,5
26,Grain,2,29,-30,9
26,Grain,2,33,-34,13
26,Food,5,2,31,2
26,Food,5,3,30,4
26,Food,5,27,6,8
26,Food,5,12,21,0
26,Food,5,20,13,10
26,Food,5,20,13,11
26,Food,5,33,0,7
26,Food,5,31,2,6
26,Food,5,32,1,5
26,Food,5,27,6,9
26,Food,5,27,6,13
26,Grain,1,40,0,2
26,Grain,1,31,0,4
26,Grain,1,6,19,8
26,Grain,1,84,-10,0
26,Grain,1,29,0,10
26,Grain,1,29,0,11
26,Grain,1,28,0,7
26,Grain,1,26,0,6
26,Grain,1,25,0,5
26,Grain,1,29,0,9
26,Grain,1,33,0,13
27,Food,10,11,17,2
27,Food,10,12,16,4
27,Food,10,22,6,8
27,Food,10,8,20,0
27,Food,10,25,3,10
27,Food,10,25,3,11
27,Food,10,48,-18,7
27,Food,10,46,-16,6
27,Food,10,47,-17,5
27,Food,10,32,-2,9
27,Food,10,42,-12,13
27,Grain,1,15,59,2
27,Grain,1,6,68,4
27,Grain,1,17,57,8
27,Grain,1,94,-20,0
27,Grain,1,4,70,10
27,Grain,1,4,70,11
27,Grain,1,3,71,7
27,Grain,1,1,73,6
27,Grain,1,0,74,5
27,Grain,1,4,70,9
27,Grain,1,8,66,13
27,Food,8,11,19,2
27,Food,8,12,18,4
27,Food,8,28,2,8
27,Food,8,8,22,0
27,Food,8,25,5,10
27,Food,8,28,2,11
27,Food,8,45,-13,7
27,Food,8,43,-11,6
27,Food,8,46,-14,5
27,Food,8,30,0,9
27,Food,8,42,-10,13
27,Grain,5,15,-16,2
27,Grain,5,6,-7,4
27,Grain,5,23,-24,8
27,Grain,5,74,-75,0
27,Grain,5,4,-5,10
27,Grain,5,4,-5,11
27,Grain,5,8,-9,7
27,Grain,5,3,-4,6
27,Grain,5,3,-4,5
27,Grain,5,4,-5,9
27,Grain,5,12,-13,13
28,Food,5,7,26,2
28,Food,5,8,25,4
28,Food,5,23,10,8
28,Food,5,5,28,0
28,Food,5,20,13,10
28,Food,5,23,10,11
28,Food,5,40,-6,7
28,Food,5,38,-4,6
28,Food,5,41,-7,5
28,Food,5,25,8,9
28,Food,5,37,-3,13
28,Grain,3,25,-26,2
28,Grain,3,16,-17,4
28,Grain,3,24,-25,8
28,Grain,3,94,-95,0
28,Grain,3,24,-25,10
28,Grain,3,24,-25,11
28,Grain,3,18,-19,7
28,Grain,3,13,-14,6
28,Grain,3,13,-14,5
28,Grain,3,24,-25,9
28,Grain,3,22,-23,13
28,Food,1,7,30,2
28,Food,1,8,29,4
28,Food,1,23,14,8
28,Food,1,5,32,0
28,Food,1,20,17,10
28,Food,1,23,14,11
28,Food,1,40,0,7
28,Food,1,38,0,6
28,Food,1,41,0,5
28,Food,1,25,12,9
28,Food,1,37,0,13
28,Grain,0,25,0,2
28,Grain,0,16,0,4
28,Grain,0,24,0,8
28,Grain,0,94,0,0
28,Grain,0,24,0,10
28,Grain,0,24,0,11
28,Grain,0,18,0,7
28,Grain,0,13,0,6
28,Grain,0,13,0,5
28,Grain,0,24,0,9
28,Grain,0,22,0,13
29,Food,3,14,21,2
29,Food,3,5,30,4
29,Food,3,18,17,8
29,Food,3,4,31,0
29,Food,3,15,20,10
29,Food,3,18,17,11
29,Food,3,35,0,7
29,Food,3,33,2,6
29,Food,3,36,-1,5
29,Food,3,20,15,9
29,Food,3,32,3,13
29,Grain,0,0,25,2
29,Grain,0,26,0,4
29,Grain,0,25,0,8
29,Grain,0,69,0,0
29,Grain,0,44,0,10
29,Grain,0,44,0,11
29,Grain,0,28,0,7
29,Grain,0,23,2,6
29,Grain,0,23,2,5
29,Grain,0,44,0,9
29,Grain,0,32,0,13
29,Food,5,14,19,2
29,Food,5,5,28,4
29,Food,5,18,15,8
29,Food,5,4,29,0
29,Food,5,15,18,10
29,Food,5,18,15,11
29,Food,5,35,-1,7
29,Food,5,33,0,6
29,Food,5,35,-1,5
29,Food,5,20,13,9
29,Food,5,33,0,13
29,Grain,0,0,75,2
29,Grain,0,26,49,4
29,Grain,0,25,50,8
29,Grain,0,69,6,0
29,Grain,0,44,31,10
29,Grain,0,44,31,11
29,Grain,0,28,47,7
29,Grain,0,23,52,6
29,Grain,0,23,52,5
29,Grain,0,44,31,9
29,Grain,0,32,43,13
30,Food,4,10,24,2
30,Food,4,3,31,4
30,Food,4,33,1,8
30,Food,4,3,31,0
30,Food,4,10,24,10
30,Food,4,13,21,11
30,Food,4,50,-15,7
30,Food,4,28,6,6
30,Food,4,30,4,5
30,Food,4,15,19,9
30,Food,4,48,-13,13
30,Grain,2,10,-11,2
30,Grain,2,36,-37,4
30,Grain,2,0,-1,8
30,Grain,2,89,-90,0
30,Grain,2,64,-65,10
30,Grain,2,64,-65,11
30,Grain,2,3,-4,7
30,Grain,2,33,-34,6
30,Grain,2,33,-34,5
30,Grain,2,64,-65,9
30,Grain,2,7,-8,13
30,Food,3,10,25,2
30,Food,3,3,32,4
30,Food,3,34,1,8
30,Food,3,3,32,0
30,Food,3,10,25,10
30,Food,3,13,22,11
30,Food,3,43,-8,7
30,Food,3,34,1,6
30,Food,3,34,1,5
30,Food,3,15,20,9
30,Food,3,44,-9,13
30,Grain,1,10,0,2
30,Grain,1,36,-11,4
30,Grain,1,0,-1,8
30,Grain,1,89,-64,0
30,Grain,1,64,-39,10
30,Grain,1,64,-39,11
30,Grain,1,3,0,7
30,Grain,1,33,-8,6
30,Grain,1,33,-8,5
30,Grain,1,64,-39,9
30,Grain,1,7,0,13
31,Food,1,6,31,2
31,Food,1,12,25,4
31,Food,1,29,8,8
31,Food,1,3,34,0
31,Food,1,16,21,10
31,Food,1,19,18,11
31,Food,1,37,0,7
31,Food,1,50,-6,6
31,Food,1,50,-6,5
31,Food,1,20,17,9
31,Food,1,38,0,13
31,Grain,0,20,0,2
31,Grain,0,11,0,4
31,Grain,0,1,0,8
31,Grain,0,64,0,0
31,Grain,0,39,0,10
31,Grain,0,39,0,11
31,Grain,0,13,0,7
31,Grain,0,8,0,6
31,Grain,0,8,0,5
31,Grain,0,39,0,9
31,Grain,0,17,0,13
31,Food,2,6,29,2
31,Food,2,12,23,4
31,Food,2,29,6,8
31,Food,2,3,32,0
31,Food,2,20,15,10
31,Food,2,19,16,11
31,Food,2,37,0,7
31,Food,2,44,-7,6
31,Food,2,44,-7,5
31,Food,2,28,7,9
31,Food,2,38,-1,13
31,Grain,0,20,0,2
31,Grain,0,11,0,4
31,Grain,0,1,0,8
31,Grain,0,64,0,0
31,Grain,0,39,0,10
31,Grain,0,39,0,11
31,Grain,0,13,0,7
31,Grain,0,8,0,6
31,Grain,0,8,0,5
31,Grain,0,39,0,9
31,Grain,0,17,0,13
32,Food,2,3,32,2
32,Food,2,8,27,4
32,Food,2,24,11,8
32,Food,2,3,32,0
32,Food,2,25,10,10
32,Food,2,24,11,11
32,Food,2,32,3,7
32,Food,2,34,1,6
32,Food,2,37,0,5
32,Food,2,40,-3,9
32,Food,2,33,2,13
32,Grain,0,30,0,2
32,Grain,0,21,0,4
32,Grain,0,2,0,8
32,Grain,0,39,0,0
32,Grain,0,14,0,10
32,Grain,0,14,0,11
32,Grain,0,23,0,7
32,Grain,0,18,0,6
32,Grain,0,18,0,5
32,Grain,0,14,0,9
32,Grain,0,27,0,13
32,Food,2,3,32,2
32,Food,2,8,27,4
32,Food,2,24,11,8
32,Food,2,3,32,0
32,Food,2,25,10,10
32,Food,2,24,11,11
32,Food,2,35,0,7
32,Food,2,34,1,6
32,Food,2,37,0,5
32,Food,2,37,0,9
32,Food,2,33,2,13
32,Grain,0,30,0,2
32,Grain,0,21,0,4
32,Grain,0,2,0,8
32,Grain,0,39,0,0
32,Grain,0,14,0,10
32,Grain,0,14,0,11
32,Grain,0,23,0,7
32,Grain,0,18,0,6
32,Grain,0,18,0,5
32,Grain,0,14,0,9
32,Grain,0,27,0,13
33,Food,6,12,20,2
33,Food,6,5,27,4
33,Food,6,19,13,8
33,Food,6,3,29,0
33,Food,6,20,12,10
33,Food,6,19,13,11
33,Food,6,30,2,7
33,Food,6,29,3,6
33,Food,6,32,0,5
33,Food,6,32,0,9
33,Food,6,48,-15,13
33,Grain,0,5,70,2
33,Grain,0,31,44,4
33,Grain,0,3,72,8
33,Grain,0,14,61,0
33,Grain,0,34,41,10
33,Grain,0,34,41,11
33,Grain,0,33,42,7
33,Grain,0,28,47,6
33,Grain,0,28,47,5
33,Grain,0,34,41,9
33,Grain,0,2,73,13
33,Food,5,12,21,2
33,Food,5,5,28,4
33,Food,5,19,14,8
33,Food,5,3,30,0
33,Food,5,20,13,10
33,Food,5,19,14,11
33,Food,5,32,1,7
33,Food,5,32,1,6
33,Food,5,32,1,5
33,Food,5,32,1,9
33,Food,5,43,-9,13
33,Grain,0,5,70,2
33,Grain,0,31,44,4
33,Grain,0,3,72,8
33,Grain,0,14,61,0
33,Grain,0,34,41,10
33,Grain,0,34,41,11
33,Grain,0,33,42,7
33,Grain,0,28,47,6
33,Grain,0,28,47,5
33,Grain,0,34,41,9
33,Grain,0,2,73,13
34,Food,4,8,26,2
34,Food,4,3,31,4
34,Food,4,14,20,8
34,Food,4,2,32,0
34,Food,4,15,19,10
34,Food,4,14,20,11
34,Food,4,48,-13,7
34,Food,4,48,-13,6
34,Food,4,48,-13,5
34,Food,4,28,6,9
34,Food,4,34,0,13
34,Grain,2,15,-16,2
34,Grain,2,41,-42,4
34,Grain,2,4,-5,8
34,Grain,2,34,-35,0
34,Grain,2,54,-55,10
34,Grain,2,54,-55,11
34,Grain,2,8,-9,7
34,Grain,2,3,-4,6
34,Grain,2,3,-4,5
34,Grain,2,54,-55,9
34,Grain,2,12,-13,13
34,Food,1,8,29,2
34,Food,1,3,34,4
34,Food,1,14,23,8
34,Food,1,2,35,0
34,Food,1,15,22,10
34,Food,1,14,23,11
34,Food,1,48,-4,7
34,Food,1,48,-4,6
34,Food,1,48,-4,5
34,Food,1,28,9,9
34,Food,1,34,3,13
34,Grain,1,15,-16,2
34,Grain,1,41,-42,4
34,Grain,1,4,-5,8
34,Grain,1,34,-35,0
34,Grain,1,54,-55,10
34,Grain,1,54,-55,11
34,Grain,1,8,-9,7
34,Grain,1,3,-4,6
34,Grain,1,3,-4,5
34,Grain,1,54,-55,9
34,Grain,1,12,-13,13
35,Food,1,5,32,2
35,Food,1,12,25,4
35,Food,1,10,27,8
35,Food,1,2,35,0
35,Food,1,20,17,10
35,Food,1,20,17,11
35,Food,1,39,0,7
35,Food,1,39,0,6
35,Food,1,39,0,5
35,Food,1,42,0,9
35,Food,1,32,5,13
35,Grain,0,25,0,2
35,Grain,0,16,0,4
35,Grain,0,5,0,8
35,Grain,0,9,0,0
35,Grain,0,29,0,10
35,Grain,0,29,0,11
35,Grain,0,18,0,7
35,Grain,0,13,0,6
35,Grain,0,13,0,5
35,Grain,0,29,0,9
35,Grain,0,22,0,13
35,Food,1,5,32,2
35,Food,1,12,25,4
35,Food,1,10,27,8
35,Food,1,2,35,0
35,Food,1,20,17,10
35,Food,1,20,17,11
35,Food,1,39,0,7
35,Food,1,39,0,6
35,Food,1,39,0,5
35,Food,1,42,0,9
35,Food,1,32,5,13
35,Grain,0,25,0,2
35,Grain,0,16,0,4
35,Grain,0,5,0,8
35,Grain,0,9,0,0
35,Grain,0,29,0,10
35,Grain,0,29,0,11
35,Grain,0,18,0,7
35,Grain,0,13,0,6
35,Grain,0,13,0,5
35,Grain,0,29,0,9
35,Grain,0,22,0,13
36,Food,3,13,22,2
36,Food,3,8,27,4
36,Food,3,6,29,8
36,Food,3,1,34,0
36,Food,3,25,10,10
36,Food,3,25,10,11
36,Food,3,34,1,7
36,Food,3,34,1,6
36,Food,3,34,1,5
36,Food,3,47,-12,9
36,Food,3,27,8,13
36,Grain,0,0,25,2
36,Grain,0,26,0,4
36,Grain,0,6,19,8
36,Grain,0,29,0,0
36,Grain,0,4,21,10
36,Grain,0,4,21,11
36,Grain,0,28,0,7
36,Grain,0,23,2,6
36,Grain,0,23,2,5
36,Grain,0,4,21,9
36,Grain,0,32,0,13
36,Food,3,13,22,2
36,Food,3,8,27,4
36,Food,3,6,29,8
36,Food,3,1,34,0
36,Food,3,25,10,10
36,Food,3,25,10,11
36,Food,3,35,0,7
36,Food,3,35,0,6
36,Food,3,35,0,5
36,Food,3,36,-1,9
36,Food,3,35,0,13
36,Grain,0,0,25,2
36,Grain,0,26,0,4
36,Grain,0,6,19,8
36,Grain,0,29,0,0
36,Grain,0,4,21,10
36,Grain,0,4,21,11
36,Grain,0,28,0,7
36,Grain,0,23,2,6
36,Grain,0,23,2,5
36,Grain,0,4,21,9
36,Grain,0,32,0,13
37,Food,0,9,35,2
37,Food,0,5,39,4
37,Food,0,3,41,8
37,Food,0,20,24,10
37,Food,0,20,24,11
37,Food,0,30,14,7
37,Food,0,30,14,6
37,Food,0,30,14,5
37,Food,0,31,13,9
37,Food,0,30,14,13
37,Grain,2,10,-11,2
37,Grain,2,36,-37,4
37,Grain,2,7,-8,8
37,Grain,2,24,-25,10
37,Grain,2,24,-25,11
37,Grain,2,38,-39,7
37,Grain,2,33,-34,6
37,Grain,2,33,-34,5
37,Grain,2,24,-25,9
37,Grain,2,42,-43,13
37,Food,2,9,26,2
37,Food,2,5,30,4
37,Food,2,3,32,8
37,Food,2,20,15,10
37,Food,2,20,15,11
37,Food,2,30,5,7
37,Food,2,30,5,6
37,Food,2,30,5,5
37,Food,2,31,4,9
37,Food,2,30,5,13
37,Grain,1,10,-11,2
37,Grain,1,36,-37,4
37,Grain,1,7,-8,8
37,Grain,1,24,-25,10
37,Grain,1,24,-25,11
37,Grain,1,38,-39,7
37,Grain,1,33,-34,6
37,Grain,1,33,-34,5
37,Grain,1,24,-25,9
37,Grain,1,42,-43,13
38,Food,5,6,27,2
38,Food,5,13,20,4
38,Food,5,2,31,8
38,Food,5,15,18,10
38,Food,5,15,18,11
38,Food,5,45,-11,7
38,Food,5,45,-11,6
38,Food,5,45,-11,5
38,Food,5,26,7,9
38,Food,5,45,-11,13
38,Grain,0,20,55,2
38,Grain,0,11,64,4
38,Grain,0,8,67,8
38,Grain,0,44,31,10
38,Grain,0,44,31,11
38,Grain,0,13,62,7
38,Grain,0,8,67,6
38,Grain,0,8,67,5
38,Grain,0,44,31,9
38,Grain,0,17,58,13
38,Food,4,6,28,2
38,Food,4,13,21,4
38,Food,4,2,32,8
38,Food,4,15,19,10
38,Food,4,15,19,11
38,Food,4,45,-10,7
38,Food,4,45,-10,6
38,Food,4,45,-10,5
38,Food,4,26,8,9
38,Food,4,45,-10,13
38,Grain,1,20,0,2
38,Grain,1,11,0,4
38,Grain,1,8,0,8
38,Grain,1,44,-19,10
38,Grain,1,44,-19,11
38,Grain,1,13,0,7
38,Grain,1,8,0,6
38,Grain,1,8,0,5
38,Grain,1,44,-19,9
38,Grain,1,17,0,13
39,Food,3,3,32,2
39,Food,3,9,26,4
39,Food,3,1,34,8
39,Food,3,10,25,10
39,Food,3,10,25,11
39,Food,3,38,-3,7
39,Food,3,39,-4,6
39,Food,3,38,-3,5
39,Food,3,29,6,9
39,Food,3,37,-2,13
39,Grain,1,30,-5,2
39,Grain,1,21,0,4
39,Grain,1,9,0,8
39,Grain,1,64,-39,10
39,Grain,1,64,-39,11
39,Grain,1,23,0,7
39,Grain,1,18,0,6
39,Grain,1,18,0,5
39,Grain,1,64,-39,9
39,Grain,1,27,-2,13
39,Food,1,3,34,2
39,Food,1,9,28,4
39,Food,1,1,36,8
39,Food,1,10,27,10
39,Food,1,10,27,11
39,Food,1,38,0,7
39,Food,1,39,0,6
39,Food,1,38,0,5
39,Food,1,29,8,9
39,Food,1,37,0,13
39,Grain,0,30,0,2
39,Grain,0,21,0,4
39,Grain,0,9,0,8
39,Grain,0,64,0,10
39,Grain,0,64,0,11
39,Grain,0,23,0,7
39,Grain,0,18,0,6
39,Grain,0,18,0,5
39,Grain,0,64,0,9
39,Grain,0,27,0,13
40,Food,1,12,25,2
40,Food,1,6,31,4
40,Food,1,16,21,10
40,Food,1,16,21,11
40,Food,1,33,4,7
40,Food,1,34,3,6
40,Food,1,33,4,5
40,Food,1,34,3,9
40,Food,1,52,-8,13
40,Grain,0,5,0,2
40,Grain,0,31,0,4
40,Grain,0,39,0,10
40,Grain,0,39,0,11
40,Grain,0,33,0,7
40,Grain,0,28,0,6
40,Grain,0,28,0,5
40,Grain,0,39,0,9
40,Grain,0,2,0,13
40,Food,1,19,18,2
40,Food,1,6,31,4
40,Food,1,16,21,10
40,Food,1,16,21,11
40,Food,1,33,4,7
40,Food,1,34,3,6
40,Food,1,34,3,5
40,Food,1,34,3,9
40,Food,1,44,0,13
40,Grain,0,5,0,2
40,Grain,0,31,0,4
40,Grain,0,39,0,10
40,Grain,0,39,0,11
40,Grain,0,33,0,7
40,Grain,0,28,0,6
40,Grain,0,28,0,5
40,Grain,0,39,0,9
40,Grain,0,2,0,13
41,Food,4,14,20,2
41,Food,4,13,21,4
41,Food,4,21,13,10
41,Food,4,21,13,11
41,Food,4,48,-13,7
41,Food,4,49,-14,6
41,Food,4,49,-14,5
41,Food,4,39,-4,9
41,Food,4,39,-4,13
41,Grain,0,15,10,2
41,Grain,0,6,19,4
41,Grain,0,14,11,10
41,Grain,0,14,11,11
41,Grain,0,8,17,7
41,Grain,0,3,22,6
41,Grain,0,3,22,5
41,Grain,0,14,11,9
41,Grain,0,12,13,13
41,Food,3,14,21,2
41,Food,3,13,22,4
41,Food,3,21,14,10
41,Food,3,21,14,11
41,Food,3,48,-13,7
41,Food,3,49,-14,6
41,Food,3,49,-14,5
41,Food,3,39,-4,9
41,Food,3,39,-4,13
41,Grain,0,15,10,2
41,Grain,0,6,19,4
41,Grain,0,14,11,10
41,Grain,0,14,11,11
41,Grain,0,8,17,7
41,Grain,0,3,22,6
41,Grain,0,3,22,5
41,Grain,0,14,11,9
41,Grain,0,12,13,13
42,Food,2,10,25,2
42,Food,2,9,26,4
42,Food,2,16,19,10
42,Food,2,16,19,11
42,Food,2,43,-6,7
42,Food,2,44,-7,6
42,Food,2,44,-7,5
42,Food,2,34,1,9
42,Food,2,34,1,13
42,Grain,2,25,-26,2
42,Grain,2,16,-17,4
42,Grain,2,34,-35,10
42,Grain,2,34,-35,11
42,Grain,2,18,-19,7
42,Grain,2,13,-14,6
42,Grain,2,13,-14,5
42,Grain,2,34,-35,9
42,Grain,2,22,-23,13
42,Food,1,10,27,2
42,Food,1,9,28,4
42,Food,1,16,21,10
42,Food,1,16,21,11
42,Food,1,43,0,7
42,Food,1,44,0,6
42,Food,1,43,0,5
42,Food,1,34,3,9
42,Food,1,35,2,13
42,Grain,1,25,-26,2
42,Grain,1,16,-17,4
42,Grain,1,34,-35,10
42,Grain,1,34,-35,11
42,Grain,1,18,-19,7
42,Grain,1,13,-14,6
42,Grain,1,13,-14,5
42,Grain,1,34,-35,9
42,Grain,1,22,-23,13
43,Food,2,16,19,2
43,Food,2,6,29,4
43,Food,2,21,14,10
43,Food,2,21,14,11
43,Food,2,38,-1,7
43,Food,2,39,-2,6
43,Food,2,38,-1,5
43,Food,2,39,-2,9
43,Food,2,30,5,13
43,Grain,0,0,0,2
43,Grain,0,26,0,4
43,Grain,0,9,0,10
43,Grain,0,9,0,11
43,Grain,0,28,0,7
43,Grain,0,23,0,6
43,Grain,0,23,0,5
43,Grain,0,9,0,9
43,Grain,0,32,0,13
43,Food,2,16,19,2
43,Food,2,6,29,4
43,Food,2,21,14,10
43,Food,2,21,14,11
43,Food,2,37,0,7
43,Food,2,38,-1,6
43,Food,2,37,0,5
43,Food,2,37,0,9
43,Food,2,35,0,13
43,Grain,0,0,0,2
43,Grain,0,26,0,4
43,Grain,0,9,0,10
43,Grain,0,9,0,11
43,Grain,0,28,0,7
43,Grain,0,23,0,6
43,Grain,0,23,0,5
43,Grain,0,9,0,9
43,Grain,0,32,0,13
44,Food,0,11,33,2
44,Food,0,3,41,4
44,Food,0,16,28,10
44,Food,0,16,28,11
44,Food,0,32,12,7
44,Food,0,33,11,6
44,Food,0,32,12,5
44,Food,0,32,12,9
44,Food,0,30,14,13
44,Grain,0,10,0,2
44,Grain,0,36,0,4
44,Grain,0,29,0,10
44,Grain,0,29,0,11
44,Grain,0,38,0,7
44,Grain,0,33,0,6
44,Grain,0,33,0,5
44,Grain,0,29,0,9
44,Grain,0,42,0,13
44,Food,1,11,26,2
44,Food,1,3,34,4
44,Food,1,16,21,10
44,Food,1,16,21,11
44,Food,1,32,5,7
44,Food,1,33,4,6
44,Food,1,32,5,5
44,Food,1,32,5,9
44,Food,1,30,7,13
44,Grain,0,10,0,2
44,Grain,0,36,0,4
44,Grain,0,29,0,10
44,Grain,0,29,0,11
44,Grain,0,38,0,7
44,Grain,0,33,0,6
44,Grain,0,33,0,5
44,Grain,0,29,0,9
44,Grain,0,42,0,13
45,Food,3,7,28,2
45,Food,3,12,23,4
45,Food,3,21,14,10
45,Food,3,21,14,11
45,Food,3,47,-12,7
45,Food,3,48,-13,6
45,Food,3,47,-12,5
45,Food,3,37,-2,9
45,Food,3,45,-10,13
45,Grain,0,20,5,2
45,Grain,0,11,14,4
45,Grain,0,4,21,10
45,Grain,0,4,21,11
45,Grain,0,13,12,7
45,Grain,0,8,17,6
45,Grain,0,8,17,5
45,Grain,0,4,21,9
45,Grain,0,17,8,13
45,Food,2,7,28,2
45,Food,2,12,23,4
45,Food,2,21,14,10
45,Food,2,21,14,11
45,Food,2,47,-10,7
45,Food,2,48,-11,6
45,Food,2,47,-10,5
45,Food,2,37,0,9
45,Food,2,45,-8,13
45,Grain,0,20,0,2
45,Grain,0,11,0,4
45,Grain,0,4,0,10
45,Grain,0,4,0,11
45,Grain,0,13,0,7
45,Grain,0,8,0,6
45,Grain,0,8,0,5
45,Grain,0,4,0,9
45,Grain,0,17,0,13
46,Food,1,4,33,2
46,Food,1,8,29,4
46,Food,1,16,21,10
46,Food,1,16,21,11
46,Food,1,42,0,7
46,Food,1,43,0,6
46,Food,1,42,0,5
46,Food,1,32,5,9
46,Food,1,40,0,13
46,Grain,0,30,0,2
46,Grain,0,21,0,4
46,Grain,0,24,0,10
46,Grain,0,24,0,11
46,Grain,0,23,0,7
46,Grain,0,18,0,6
46,Grain,0,18,0,5
46,Grain,0,24,0,9
46,Grain,0,27,0,13
46,Food,2,4,31,2
46,Food,2,8,27,4
46,Food,2,16,19,10
46,Food,2,16,19,11
46,Food,2,42,-5,7
46,Food,2,43,-6,6
46,Food,2,42,-5,5
46,Food,2,32,3,9
46,Food,2,40,-3,13
46,Grain,0,30,0,2
46,Grain,0,21,0,4
46,Grain,0,24,0,10
46,Grain,0,24,0,11
46,Grain,0,23,0,7
46,Grain,0,18,0,6
46,Grain,0,18,0,5
46,Grain,0,24,0,9
46,Grain,0,27,0,13
47,Food,2,13,22,2
47,Food,2,5,30,4
47,Food,2,11,24,10
47,Food,2,11,24,11
47,Food,2,37,0,7
47,Food,2,38,-1,6
47,Food,2,37,0,5
47,Food,2,27,8,9
47,Food,2,55,-18,13
47,Grain,0,5,0,2
47,Grain,0,31,0,4
47,Grain,0,44,0,10
47,Grain,0,44,0,11
47,Grain,0,33,0,7
47,Grain,0,28,0,6
47,Grain,0,28,0,5
47,Grain,0,44,0,9
47,Grain,0,2,0,13
47,Food,0,13,31,2
47,Food,0,5,39,4
47,Food,0,11,33,10
47,Food,0,11,33,11
47,Food,0,37,7,7
47,Food,0,38,6,6
47,Food,0,37,7,5
47,Food,0,27,17,9
47,Food,0,55,0,13
47,Grain,0,5,0,2
47,Grain,0,31,0,4
47,Grain,0,44,0,10
47,Grain,0,44,0,11
47,Grain,0,33,0,7
47,Grain,0,28,0,6
47,Grain,0,28,0,5
47,Grain,0,44,0,9
47,Grain,0,2,0,13
48,Food,1,9,28,2
48,Food,1,13,24,4
48,Food,1,17,20,10
48,Food,1,17,20,11
48,Food,1,52,-8,7
48,Food,1,53,-9,6
48,Food,1,52,-8,5
48,Food,1,32,5,9
48,Food,1,50,-6,13
48,Grain,0,15,0,2
48,Grain,0,6,0,4
48,Grain,0,19,0,10
48,Grain,0,19,0,11
48,Grain,0,8,0,7
48,Grain,0,3,0,6
48,Grain,0,3,0,5
48,Grain,0,19,0,9
48,Grain,0,12,0,13
48,Food,1,9,28,2
48,Food,1,13,24,4
48,Food,1,17,20,10
48,Food,1,17,20,11
48,Food,1,50,-6,7
48,Food,1,53,-9,6
48,Food,1,50,-6,5
48,Food,1,37,0,9
48,Food,1,49,-5,13
48,Grain,0,15,0,2
48,Grain,0,6,0,4
48,Grain,0,19,0,10
48,Grain,0,19,0,11
48,Grain,0,8,0,7
48,Grain,0,3,0,6
48,Grain,0,3,0,5
48,Grain,0,19,0,9
48,Grain,0,12,0,13
49,Food,0,6,38,2
49,Food,0,9,35,4
49,Food,0,12,32,10
49,Food,0,12,32,11
49,Food,0,45,0,7
49,Food,0,48,0,6
49,Food,0,45,0,5
49,Food,0,32,12,9
49,Food,0,44,0,13
49,Grain,0,25,0,2
49,Grain,0,16,0,4
49,Grain,0,39,0,10
49,Grain,0,39,0,11
49,Grain,0,18,0,7
49,Grain,0,13,0,6
49,Grain,0,13,0,5
49,Grain,0,39,0,9
49,Grain,0,22,0,13
49,Food,1,6,31,2
49,Food,1,9,28,4
49,Food,1,12,25,10
49,Food,1,12,25,11
49,Food,1,45,-1,7
49,Food,1,48,-4,6
49,Food,1,45,-1,5
49,Food,1,32,5,9
49,Food,1,44,0,13
49,Grain,0,25,0,2
49,Grain,0,16,0,4
49,Grain,0,39,0,10
49,Grain,0,39,0,11
49,Grain,0,18,0,7
49,Grain,0,13,0,6
49,Grain,0,13,0,5
49,Grain,0,39,0,9
49,Grain,0,22,0,13
